{"cameraMode":{"drawMode":0,"name":"Shaded","section":"Shading Mode"},"sceneLighting":false,"audioPlay":false,"sceneViewState":{"m_AlwaysRefresh":false,"showFog":true,"showSkybox":false,"showFlares":true,"showImageEffects":true,"showParticleSystems":true,"showVisualEffectGraphs":true,"m_FxEnabled":true},"in2DMode":false,"pivot":{"x":-6.070951461791992,"y":0.4122800827026367,"z":8.259355545043946},"rotation":{"x":0.06831511110067368,"y":0.09499406814575196,"z":0.006850419100373983,"w":-0.9934130907058716},"size":0.33602240681648257,"orthographic":false}