{"cameraMode":{"drawMode":0,"name":"Shaded","section":"Shading Mode"},"sceneLighting":false,"audioPlay":false,"sceneViewState":{"m_AlwaysRefresh":false,"showFog":true,"showSkybox":false,"showFlares":true,"showImageEffects":true,"showParticleSystems":true,"showVisualEffectGraphs":true,"m_FxEnabled":true},"in2DMode":false,"pivot":{"x":-2.3878965377807619,"y":1.7486730813980103,"z":-7.809404373168945},"rotation":{"x":-0.14385990798473359,"y":-0.8390142321586609,"z":0.26668888330459597,"w":-0.45223236083984377},"size":1.1761600971221924,"orthographic":false}