{"cameraMode":{"drawMode":0,"name":"Shaded","section":"Shading Mode"},"sceneLighting":true,"audioPlay":false,"sceneViewState":{"m_AlwaysRefresh":false,"showFog":true,"showSkybox":true,"showFlares":true,"showImageEffects":true,"showParticleSystems":true,"showVisualEffectGraphs":true,"m_FxEnabled":true},"in2DMode":false,"pivot":{"x":-15.089231491088868,"y":-3.4286386966705324,"z":17.679576873779298},"rotation":{"x":0.1771068423986435,"y":-0.4156711995601654,"z":0.08288678526878357,"w":0.8882596492767334},"size":12.211755752563477,"orthographic":false}