{"cameraMode":{"drawMode":0,"name":"Shaded","section":"Shading Mode"},"sceneLighting":true,"audioPlay":false,"sceneViewState":{"m_AlwaysRefresh":false,"showFog":true,"showSkybox":true,"showFlares":true,"showImageEffects":true,"showParticleSystems":true,"showVisualEffectGraphs":true,"m_FxEnabled":true},"in2DMode":false,"pivot":{"x":5.769523620605469,"y":-5.008396148681641,"z":12.109186172485352},"rotation":{"x":0.25710728764533999,"y":-0.49890094995498659,"z":0.15770374238491059,"w":0.8127805590629578},"size":28.26190948486328,"orthographic":false}