{"cameraMode":{"drawMode":0,"name":"Shaded","section":"Shading Mode"},"sceneLighting":true,"audioPlay":false,"sceneViewState":{"m_AlwaysRefresh":false,"showFog":true,"showSkybox":true,"showFlares":true,"showImageEffects":true,"showParticleSystems":true,"showVisualEffectGraphs":true,"m_FxEnabled":true},"in2DMode":false,"pivot":{"x":-2.8685665130615236,"y":12.047948837280274,"z":-11.471024513244629},"rotation":{"x":-0.31621143221855166,"y":-0.11858798563480377,"z":0.039830055087804797,"w":-0.9405847191810608},"size":0.8761000037193298,"orthographic":false}