{"cameraMode":{"drawMode":0,"name":"Shaded","section":"Shading Mode"},"sceneLighting":false,"audioPlay":false,"sceneViewState":{"m_AlwaysRefresh":false,"showFog":true,"showSkybox":false,"showFlares":true,"showImageEffects":true,"showParticleSystems":true,"showVisualEffectGraphs":true,"m_FxEnabled":true},"in2DMode":false,"pivot":{"x":11.41038990020752,"y":0.07800006866455078,"z":-1.8899073600769044},"rotation":{"x":0.024346910417079927,"y":-0.5340945720672607,"z":0.01539344061166048,"w":0.8449481129646301},"size":7.845158100128174,"orthographic":false}