{"cameraMode":{"drawMode":0,"name":"Shaded","section":"Shading Mode"},"sceneLighting":false,"audioPlay":false,"sceneViewState":{"m_AlwaysRefresh":false,"showFog":true,"showSkybox":false,"showFlares":true,"showImageEffects":true,"showParticleSystems":true,"showVisualEffectGraphs":true,"m_FxEnabled":true},"in2DMode":false,"pivot":{"x":-6.250975131988525,"y":2.3825390338897707,"z":-43.057823181152347},"rotation":{"x":-0.14460982382297517,"y":-0.09603399783372879,"z":0.014120226725935936,"w":-0.9847481846809387},"size":6.192122936248779,"orthographic":false}