{"cameraMode":{"drawMode":0,"name":"Shaded","section":"Shading Mode"},"sceneLighting":false,"audioPlay":false,"sceneViewState":{"m_AlwaysRefresh":false,"showFog":true,"showSkybox":false,"showFlares":true,"showImageEffects":true,"showParticleSystems":true,"showVisualEffectGraphs":true,"m_FxEnabled":true},"in2DMode":false,"pivot":{"x":-1.3861030340194703,"y":3.4272689819335939,"z":-0.5122520327568054},"rotation":{"x":-0.24456733465194703,"y":-0.6183821558952332,"z":0.21093109250068665,"w":-0.7166410684585571},"size":0.25727617740631106,"orthographic":false}