{"cameraMode":{"drawMode":0,"name":"Shaded","section":"Shading Mode"},"sceneLighting":false,"audioPlay":false,"sceneViewState":{"m_AlwaysRefresh":false,"showFog":true,"showSkybox":false,"showFlares":true,"showImageEffects":true,"showParticleSystems":true,"showVisualEffectGraphs":true,"m_FxEnabled":true},"in2DMode":false,"pivot":{"x":-6.570775508880615,"y":-0.039999961853027347,"z":-21.700687408447267},"rotation":{"x":0.024346910417079927,"y":-0.5340945720672607,"z":0.01539344061166048,"w":0.8449481129646301},"size":5.883294105529785,"orthographic":false}