{"cameraMode":{"drawMode":0,"name":"Shaded","section":"Shading Mode"},"sceneLighting":false,"audioPlay":false,"sceneViewState":{"m_AlwaysRefresh":false,"showFog":true,"showSkybox":false,"showFlares":true,"showImageEffects":true,"showParticleSystems":true,"showVisualEffectGraphs":true,"m_FxEnabled":true},"in2DMode":false,"pivot":{"x":-5.355829238891602,"y":1.2749998569488526,"z":5.461338043212891},"rotation":{"x":0.22327923774719239,"y":-0.03331941366195679,"z":0.007644070778042078,"w":0.9741684198379517},"size":1.7521998882293702,"orthographic":false}