{"cameraMode":{"drawMode":0,"name":"Shaded","section":"Shading Mode"},"sceneLighting":false,"audioPlay":false,"sceneViewState":{"m_AlwaysRefresh":false,"showFog":true,"showSkybox":false,"showFlares":true,"showImageEffects":true,"showParticleSystems":true,"showVisualEffectGraphs":true,"m_FxEnabled":true},"in2DMode":false,"pivot":{"x":0.3122502863407135,"y":4.902952194213867,"z":-2.8489906787872316},"rotation":{"x":-0.3099619448184967,"y":0.033339716494083408,"z":-0.010955442674458027,"w":-0.9502464532852173},"size":0.25727617740631106,"orthographic":false}