{"cameraMode":{"drawMode":0,"name":"Shaded","section":"Shading Mode"},"sceneLighting":false,"audioPlay":false,"sceneViewState":{"m_AlwaysRefresh":false,"showFog":true,"showSkybox":false,"showFlares":true,"showImageEffects":true,"showParticleSystems":true,"showVisualEffectGraphs":true,"m_FxEnabled":true},"in2DMode":false,"pivot":{"x":0.27000001072883608,"y":5.098598480224609,"z":4.3552727699279789},"rotation":{"x":-0.03791619464755058,"y":-0.9619323015213013,"z":0.18131737411022187,"w":-0.201088085770607},"size":0.21247319877147675,"orthographic":false}